{"W1":[[-3.455065950868126,3.2141798766028273,0.8017739129903321,-0.3419481167240833,-1.0629255724669318,0.6362096408494683,-3.3124777954245173,3.9897976525539907,-2.6006194032946937,2.574376066210333],[-4.595864685161015,1.5560216907771238,4.925116818093605,-1.7444361226737637,0.22668953828919328,-2.0173932359480364,2.9477419875491093,-1.2469424700998584,-4.610491255782869,2.8266004429484726]],"b1":[[-0.000010743437462347365,0.002891886574420468,-0.011280121951888714,4.326296231110832,1.8297296469356215,0.8923405404291227,0.4980339129767281,0.13056668125347265,-0.000012153607682512497,0.0002451688398849308]],"Wout":[[2.5976437761957842],[-0.9749255770617987],[3.987498622225422],[-7.600329660890055],[-5.655259159598772],[-2.245915420946008],[-4.891130374927851],[0.3663246419744166],[0.4538005927607426],[0.06640255850677543]],"bout":[[1.8758099090423455]]}