{"W1":[[-5.228444672075081,-3.285568428181751,2.780099495873014,-4.923267933878217],[2.864864807607871,4.683324251069852,-2.019352919090381,-3.5055379424323743]],"b1":[[-0.638015275045426,1.2870557190050445,0.3967428253137465,0.4335744112744384]],"W2":[[1.8106010873168275,6.33266231333568,-3.472647141259144,-4.186840842921291],[0.17399897570385484,-4.625206946010981,3.2224170885077634,-5.936949570309417],[-4.157697673785167,0.9601356702478014,-0.9343685008507536,2.3804370396923913],[-2.0200134296963683,-5.254136346466071,4.346274481474304,1.9399664549538596]],"b2":[[0.5342482712949193,1.1533993530219875,-0.8210011094562852,0.5037079510191237]],"Wout":[[4.995928593875351],[5.91649950255284],[-3.9351454819545952],[4.584636329329026]],"bout":[[-2.8635256235676705]]}